PRCP,TAVG,TMAX,TMIN,WDFG,WSFG
0.12,,23,13,,
0,,23,-2,,
0.24,,13,-10,,
0.75,,39,13,,
0.04,,33,-9,,
0,,5,-16,,
0,,14,-18,,
0,,6,-23,,
0.24,,20,6,,
0.04,,12,-7,,
0,,20,10,,
0.12,,28,2,,
0,,2,-13,,
0,,14,-25,,
0,,19,-17,,
0.12,,23,-8,,
0,,7,-16,,
0.35,,42,3,,
0.43,,38,16,,
0.04,,16,0,,
0,,17,-4,,
0,,24,-8,,
0,,26,7,,
0,,33,24,,
0.04,,27,-1,,
0,,8,-9,,
0.12,,8,1,,
0.04,,15,-4,,
0,,26,-12,,
0.35,,29,6,,
0,,6,-6,,
0.04,,2,-19,,
0.16,,-2,-19,,
0,,9,-17,,
0.2,,23,-2,,
0,,24,-12,,
0,,8,-21,,
0,,7,-14,,
0.16,,5,-14,,
0,,10,-4,,
0,,21,-5,,
0,,17,-12,,
0.04,,15,3,,
0.04,,3,-16,,
0,,10,-17,,
0.04,,5,-8,,
0.04,,6,-10,,
0,,13,-17,,
0,,23,-5,,
0.24,,19,2,,
0.08,,11,-3,,
0.16,,22,-7,,
0.04,,25,12,,
0,,19,-12,,
0,,10,-21,,
0.08,,24,0,,
0,,7,-11,,
0,,12,-16,,
0,,20,-3,,
0,,28,-5,,
0.08,,24,6,,
0.12,,22,1,,
0.12,,31,18,,
0,,19,-11,,
0,,18,-19,,
0,,24,0,,
0.04,,30,13,,
0.08,,31,16,,
0,,47,16,,
0.04,,44,27,,
0,,27,9,,
0,,26,3,,
0.24,,33,18,,
1.3,,24,12,,
0,,33,-2,,
0.35,,33,11,,
0.04,,14,5,,
0,,21,3,,
0,,39,-2,,
0.12,,40,12,,
0.04,,12,-1,,
0,,16,0,,
0,,33,0,,
0,,45,6,,
0,,41,33,,
0.08,,38,21,,
0,,29,11,,
0,,35,3,,
0.12,,36,24,,
0,,33,13,,
0,16,28,4,29,73.8
0.04,22,36,8,0,0
0.04,44,55,33,24,87.2
0.63,23,37,9,31,82.8
0.04,15,25,4,26,91.7
0.08,15,35,-4,0,0
0,27,38,17,0,0
0,25,42,9,0,0
0,35,40,30,15,82.8
0.67,39,46,33,25,78.3
0,38,42,34,26,132
0,45,56,34,0,0
0,49,68,31,0,0
0,48,58,39,25,98.4
0,37,47,27,31,71.6
0,40,58,22,0,0
0.06,48,62,34,28,87.2
0,39,52,27,0,0
0,40,51,29,0,0
0.22,40,50,29,14,132
0.51,39,46,31,16,91.7
0.24,42,56,28,16,91.7
0.47,37,42,32,25,78.3
0.16,33,35,31,26,71.6
0.12,37,43,31,0,0
0,41,47,35,0,0
0.08,42,48,36,36,102.9
0,47,58,37,2,82.8
0,44,51,37,0,0
0,47,56,37,0,0
0,46,61,31,0,0
0,52,70,33,0,0
0,52,74,31,0,0
0,61,80,41,28,120.8
0.04,52,63,41,27,91.7
0,50,66,34,29,91.7
0,58,75,41,33,73.8
0,63,77,49,0,0
0.08,61,75,46,0,0
0.39,61,70,52,0,0
0.78,48,52,44,0,0
0.28,58,70,47,27,91.7
0,49,57,40,35,73.8
0,48,64,31,26,82.8
0,54,69,38,0,0
0,56,67,46,16,73.8
0,59,70,49,0,0
0.08,63,75,51,11,73.8
0.47,65,76,55,32,71.6
0,48,55,42,29,96.2
,,,42,0,0
0,42,52,33,32,73.8
0,43,54,32,29,91.7
0,58,71,45,23,82.8
0.2,64,71,56,23,71.6
0.71,69,79,58,26,87.2
0.08,73,86,59,25,98.4
0.16,65,73,56,0,0
0,65,77,54,0,0
0.59,69,84,53,25,82.8
0.11,52,59,45,0,0
0,45,53,37,0,0
0.08,53,71,34,0,0
0.16,55,66,44,0,0
0,51,63,38,0,0
0,52,69,34,0,0
1.02,57,62,52,0,0
0.46,62,65,59,0,0
0.78,65,73,57,27,71.6
0.37,64,70,58,24,87.2
0.2,66,77,55,27,71.6
0.04,63,76,51,31,71.6
0,59,72,45,0,0
0,62,77,46,14,78.3
0.87,58,68,47,28,78.3
0,56,69,42,0,0
0.63,64,78,50,0,0
0.08,54,65,42,0,0
0,56,73,39,0,0
0,62,71,52,0,0
0,65,73,56,0,0
0.31,63,72,54,14,96.2
0,61,70,52,28,78.3
0,58,68,47,34,82.8
0,56,69,43,0,0
0,58,76,41,0,0
0.2,55,60,50,13,78.3
0.2,56,62,50,0,0
0.08,65,76,54,0,0
0.63,61,64,58,23,71.6
0,56,67,45,25,73.8
0,60,74,45,26,87.2
0,62,73,49,0,0
0,65,75,54,0,0
0,67,81,54,0,0
0,69,85,53,26,73.8
0.43,60,71,49,31,82.8
0,59,74,44,0,0
0,65,78,53,0,0
0.55,66,80,51,30,73.8
0.04,65,79,52,0,0
0,65,83,48,0,0
0,73,85,61,17,78.3
0.2,58,67,50,0,0
0,56,70,42,0,0
0,60,76,43,0,0
0.2,63,68,58,0,0
0.31,67,72,62,0,0
0.12,69,80,58,0,0
0,69,81,56,0,0
0,63,67,58,28,82.8
0,63,68,57,0,0
0.35,60,66,54,0,0
0,64,73,55,0,0
0.08,64,70,58,0,0
0,71,83,57,0,0
0,71,82,60,0,0
0,72,85,60,0,0
0.28,74,88,59,0,0
0,67,76,59,23,71.6
0.24,65,74,55,0,0
0,64,77,52,0,0
0.04,70,83,58,17,78.3
0.08,66,76,55,26,73.8
0.07,61,71,51,0,0
0.08,58,66,51,24,73.8
0,59,70,49,0,0
0.31,61,73,48,0,0
0,64,75,54,0,0
0.16,64,79,49,0,0
0.47,62,65,59,14,87.2
0.35,65,72,58,0,0
0,62,69,54,0,0
0,64,76,52,0,0
0,70,79,60,0,0
0,70,83,57,0,0
0,74,86,62,0,0
0,75,84,65,0,0
0,73,84,62,16,78.3
0,74,85,64,15,102.9
0.16,67,75,58,0,0
0,64,75,53,0,0
0,67,81,53,0,0
0,74,84,64,0,0
0.75,67,72,62,0,0
0.04,63,72,54,0,0
0.08,60,69,51,0,0
0,62,72,51,0,0
0,62,71,52,0,0
0,67,75,59,0,0
0,64,76,52,24,82.8
0,62,76,47,0,0
0,68,80,56,0,0
0,64,78,50,0,0
0,60,74,45,0,0
0,64,82,45,0,0
0,68,84,52,0,0
1.61,75,86,64,23,98.4
0,70,76,64,0,0
2.05,71,85,58,24,78.3
0,66,74,57,0,0
0,60,70,49,0,0
0,59,71,48,0,0
0.24,61,66,56,0,0
0.94,58,62,54,0,0
0,63,74,52,0,0
0,68,81,55,0,0
0,71,82,60,0,0
0,69,80,58,0,0
0,68,81,55,0,0
0.28,53,65,41,28,73.8
0,52,67,37,0,0
0,54,67,41,0,0
0,56,73,38,0,0
0,51,63,39,0,0
0,45,57,33,0,0
0,45,61,29,0,0
0,51,71,30,0,0
0,55,68,42,0,0
0.39,64,75,54,31,73.8
1.69,48,54,42,0,0
0,44,54,34,0,0
0,40,51,29,1,71.6
0,41,53,29,9,96.2
0,43,58,27,0,0
0,46,62,29,0,0
0,48,54,43,0,0
0.08,51,61,40,0,0
0,41,49,33,0,0
0.2,39,45,33,0,0
0,38,44,32,0,0
0.04,44,52,36,0,0
0,61,73,49,0,0
0,53,65,42,0,0
0.04,45,54,36,0,0
0.16,41,52,30,0,0
0.24,38,46,30,28,71.6
0.24,32,38,26,0,0
0,28,34,23,29,73.8
0,30,42,19,0,0
0,42,56,29,32,73.8
0,35,46,25,0,0
0.04,45,57,33,30,78.3
0,34,44,25,33,71.6
0,36,51,21,0,0
0.47,41,51,31,26,78.3
0,33,40,25,0,0
0,35,48,22,0,0
0.83,35,47,22,16,78.3
0.69,52,64,40,27,107.4
0.09,36,43,30,32,98.4
0,35,43,27,0,0
0.71,40,48,33,0,0
0,44,48,40,0,0
0.24,43,46,39,0,0
0,42,51,31,0,0
0,44,59,29,0,0
0.08,59,70,47,29,102.9
0,44,53,35,33,87.2
0,33,38,27,30,78.3
0,43,54,33,23,71.6
0,42,56,29,0,0
0,36,42,30,0,0
0.35,39,46,33,15,71.6
0.12,42,47,36,0,0
0,33,36,29,26,87.2
0,33,38,29,30,71.6
0,31,37,25,25,73.8
0,30,39,21,0,0
0,32,47,17,0,0
0.24,39,47,32,15,73.8
0.51,37,47,27,0,0
0,32,40,24,0,0
0,39,47,31,0,0
0,24,32,17,0,0
0,19,26,12,0,0
0,21,32,10,0,0
0,37,51,23,20,71.6
0.16,44,56,32,0,0
0,27,32,22,0,0
0.08,18,27,10,0,0
0,15,26,4,0,0
0.04,24,33,14,0,0
0.43,35,38,32,0,0
0.43,32,36,28,1,98.4
0.06,31,35,28,0,0
0,36,38,34,0,0
0,32,38,26,0,0
0,33,39,26,0,0
0,28,34,22,0,0
0,32,36,28,0,0
0,34,40,27,0,0
0.08,41,51,32,0,0
0.04,38,45,31,0,0
0,33,38,28,0,0
0.63,34,38,30,0,0
0.63,32,38,26,13,78.3
0,27,29,25,0,0
0.35,32,36,27,0,0
0,35,40,30,0,0
0.04,23,30,16,30,96.2
0,20,24,16,29,87.2
0.2,26,33,19,0,0
0.28,34,36,32,0,0
0.24,38,42,33,0,0
0.47,49,58,40,26,136.5
0,40,46,34,0,0
0,33,38,27,0,0
0.71,22,30,15,0,0
0,9,15,4,0,0
0.71,8,11,5,12,73.8
0.2,18,26,11,0,0
0,28,31,25,0,0
0,25,28,22,0,0
0,25,28,21,26,82.8
0.24,22,30,13,0,0
0,0,13,-12,0,0
0,-4,8,-16,0,0
0,13,24,2,24,71.6
0,22,29,16,0,0
0,28,36,21,0,0
0,29,34,23,15,71.6
0.24,38,44,32,11,120.8
0.04,22,37,6,24,132
0.2,10,21,-2,14,78.3
0.12,13,19,6,26,96.2
0,1,10,-7,0,0
0,2,15,-11,0,0
0.12,19,26,11,0,0
0,17,26,8,0,0
0.04,12,19,5,28,78.3
0.24,10,17,3,28,102.9
0,14,20,8,31,91.7
0,13,18,8,28,87.2
0,7,18,-4,0,0
0,3,20,-13,0,0
0,4,18,-10,0,0
0,21,29,12,0,0
0.2,26,38,13,24,82.8
0.04,23,35,10,26,87.2
0,18,29,7,0,0
0.12,28,32,24,0,0
0,24,26,21,0,0
0,33,42,25,0,0
0.12,35,47,22,25,111.8
0,15,23,7,0,0
0.71,23,38,7,0,0
0.12,37,44,29,23,78.3
0,20,29,11,0,0
0.12,18,29,8,0,0
0.07,18,30,5,35,71.6
0,11,18,4,0,0
0.16,11,19,2,0,0
0,14,24,3,0,0
0.08,8,18,-3,0,0
0,1,11,-9,0,0
0,-3,7,-12,0,0
0,-13,-7,-19,27,71.6
0,1,17,-16,0,0
0.43,33,48,17,26,111.8
0,25,30,19,25,96.2
0,13,24,2,0,0
0,15,32,-3,16,87.2
0.39,33,38,27,16,87.2
0.04,23,36,9,28,71.6
0,6,17,-5,0,0
0,8,28,-12,0,0
1.81,29,34,23,0,0
0.79,37,47,27,27,73.8
0.04,17,27,8,27,96.2
0,17,32,2,24,73.8
0.24,25,34,16,35,82.8
0.24,30,38,23,26,132
0,15,26,4,27,102.9
0.43,12,25,-1,24,98.4
0,-3,3,-9,25,87.2
0,2,20,-16,0,0
0,6,26,-14,0,0
0,21,32,11,25,71.6
0.24,26,35,18,0,0
0,35,39,30,0,0
0.63,43,54,32,23,78.3
0,39,47,32,0,0
0,32,38,25,31,71.6
0.04,36,49,22,25,78.3
0,34,43,25,32,102.9
0,31,42,20,15,96.2
0.16,37,43,31,17,71.6
0,39,45,32,0,0
0.52,30,36,25,0,0
0.19,21,29,13,28,71.6
0,16,22,9,30,82.8
0,17,33,1,0,0
0,23,34,12,28,87.2
0.04,23,31,14,26,91.7
0.04,24,33,15,0,0
0.12,21,29,13,11,78.3
0.71,27,33,21,12,82.8
0,28,34,22,0,0
0,35,54,17,0,0
0.79,33,40,26,34,71.6
0.24,31,35,26,29,82.8
0,34,48,20,0,0
0.47,40,46,34,0,0
0.28,46,56,36,0,0
0,36,46,27,0,0
0,18,27,8,31,107.4
0,13,22,5,0,0
0,13,23,4,33,78.3
0.12,20,36,4,0,0
0.35,41,53,28,15,102.9
0.16,33,41,26,0,0
0,23,28,18,0,0
0,22,31,14,30,78.3
0.2,27,37,18,0,0
0.35,39,44,33,0,0
0,33,40,26,0,0
0,34,46,21,0,0
0,36,52,20,5,78.3
0,40,57,22,0,0
0,48,69,27,0,0
0,46,55,37,0,0
0,41,53,29,28,82.8
0,41,53,29,0,0
0,48,67,28,25,71.6
0.12,49,59,40,0,0
0,39,50,28,34,73.8
0,36,47,24,1,78.3
0,34,42,26,26,73.8
0,32,44,20,0,0
0,30,38,22,34,73.8
0,30,38,22,33,82.8
0,34,50,17,0,0
0,40,56,24,0,0
0.2,44,62,25,0,0
0.24,39,44,35,0,0
0,41,47,35,0,0
0,45,56,35,0,0
0,49,57,42,0,0
0,53,69,37,0,0
0,55,71,39,14,71.6
0.2,45,60,31,32,91.7
0.04,37,43,31,28,102.9
0,46,58,34,26,87.2
0,46,63,28,0,0
0,54,75,34,0,0
0,59,77,41,18,96.2
0,59,71,48,0,0
0.63,40,48,32,25,73.8
0.08,35,38,31,29,98.4
0.04,41,47,35,25,71.6
0,48,65,30,0,0
,,,43,0,0
0,56,73,40,0,0
0,60,77,44,0,0
0,60,75,44,4,82.8
0,58,78,39,0,0
0,61,82,40,0,0
0,67,80,53,24,78.3
0,59,73,45,0,0
0.59,69,83,55,25,102.9
0,67,75,59,0,0
0.94,60,65,55,0,0
0.08,70,82,59,22,73.8
0,66,76,57,24,82.8
0,63,73,52,0,0
0,61,70,51,0,0
0.12,66,77,55,25,71.6
0,62,74,50,0,0
1.26,57,68,46,13,87.2
0.12,63,72,54,21,73.8
0.08,61,70,52,0,0
0.04,50,56,43,27,71.6
0,45,50,41,29,82.8
0,51,59,44,0,0
0,57,64,49,0,0
0.24,51,56,47,26,78.3
0,54,60,49,36,91.7
0,61,73,49,35,71.6
0,60,73,47,33,78.3
0,57,72,41,3,71.6
0,59,77,42,0,0
0,62,82,42,0,0
0,71,87,54,0,0
0.67,76,88,63,21,87.2
0.04,60,70,50,24,87.2
0.08,57,66,48,31,73.8
0,58,70,46,27,73.8
0,56,71,41,0,0
0,65,83,48,0,0
0,69,87,51,0,0
0,72,81,64,0,0
0.35,70,78,62,0,0
0.16,65,73,57,0,0
0,67,77,56,0,0
0.08,66,81,51,0,0
0,59,64,54,25,78.3
0.04,62,70,53,31,96.2
0,66,80,52,25,71.6
0,69,82,55,0,0
0,69,79,58,0,0
0.83,59,63,55,0,0
0,60,67,53,0,0
0.12,58,61,54,0,0
0.43,56,60,52,0,0
0,63,78,48,0,0
0,69,83,54,0,0
0,73,89,57,0,0
0.79,78,90,67,15,91.7
0.24,71,81,62,23,73.8
0.28,65,72,57,0,0
0.08,65,75,56,0,0
0.12,67,79,55,32,87.2
0,58,65,51,34,71.6
0,63,73,54,27,71.6
0,68,81,56,0,0
1.14,71,80,62,21,73.8
0,68,77,59,0,0
0,63,76,51,0,0
0.59,67,77,58,0,0
0.04,70,78,63,31,71.6
0,72,84,59,0,0
0,68,80,56,0,0
0,65,76,53,0,0
0,63,73,52,0,0
0,63,78,49,0,0
0,66,79,53,0,0
0,66,80,51,0,0
0,67,82,51,0,0
0.08,70,83,57,23,78.3
0,76,89,63,20,71.6
0.12,69,78,59,30,71.6
0.24,65,74,56,28,71.6
0,59,71,47,30,91.7
0,60,75,44,0,0
0,67,85,48,0,0
0.31,70,80,60,0,0
0.16,62,66,58,0,0
1.93,63,70,57,0,0
0.94,62,66,59,0,0
0,65,73,56,0,0
1.61,65,76,53,11,82.8
0.12,67,76,58,0,0
0,66,78,53,27,71.6
0,63,75,50,0,0
0,66,81,50,0,0
0.2,71,81,60,18,107.4
0.43,57,65,49,28,82.8
0,61,75,47,23,78.3
0,72,81,62,0,0
0.12,70,78,62,0,0
0,69,82,57,26,71.6
0,64,75,53,0,0
0.24,64,72,56,0,0
0,61,70,52,0,0
0.04,62,73,52,0,0
0.59,66,72,59,0,0
0,63,71,55,0,0
0,57,68,47,0,0
0,56,70,42,0,0
0,61,77,45,0,0
0,62,79,45,0,0
,,,46,0,0
0,71,82,60,0,0
0.16,68,74,62,0,0
0,66,76,57,0,0
0,67,80,54,0,0
0.71,57,68,45,24,102.9
0.04,56,71,41,0,0
0,63,76,51,23,73.8
0,56,66,47,0,0
0,50,61,39,0,0
0,51,66,36,0,0
0.08,57,74,40,0,0
0.04,67,75,59,0,0
0,61,68,54,0,0
,,,54,0,0
0,62,74,49,29,78.3
0,55,65,46,0,0
0.04,47,57,36,0,0
0,45,57,34,30,73.8
0,44,54,34,0,0
0,45,60,30,0,0
0.08,54,63,44,0,0
0,48,56,41,0,0
,,,34,0,0
0,49,67,31,0,0
0,55,65,45,0,0
0,54,61,46,0,0
,,,53,0,0
0,49,64,33,0,0
,,,45,0,0
0,55,71,38,0,0
0,59,75,42,0,0
0,57,68,46,0,0
0,44,52,36,0,0
0,41,51,31,35,73.8
0,46,63,29,0,0
0,51,70,32,0,0
0.2,51,67,35,29,73.8
0,37,45,28,0,0
0,40,55,26,0,0
0.59,46,58,33,0,0
0,49,56,41,0,0
0.55,52,63,41,12,87.2
0,47,58,36,0,0
0.71,40,50,31,0,0
2.76,52,59,45,0,0
2.09,43,48,37,25,82.8
0.31,37,41,33,27,91.7
0.04,37,40,33,30,78.3
0,36,40,31,32,71.6
0.04,34,36,31,0,0
0,36,39,32,12,78.3
0.2,36,40,32,0,0
0.31,37,40,35,0,0
0,38,40,36,0,0
0,34,36,31,0,0
0.47,37,46,29,0,0
0,45,51,38,0,0
0.28,42,45,39,0,0
0,34,41,28,0,0
0,33,39,27,0,0
0,33,41,25,0,0
0,34,47,22,0,0
0,43,59,27,0,0
0,39,44,33,0,0
0,37,46,28,0,0
0.12,37,48,26,30,107.4
0,33,40,26,23,98.4
0,42,51,33,25,82.8
0,44,54,34,0,0
0.24,43,55,30,0,0
1.3,45,49,42,9,87.2
0,43,46,41,0,0
0,38,42,34,0,0
0.04,44,59,30,0,0
0.59,38,44,32,16,78.3
0.16,29,32,26,0,0
0.08,28,29,26,29,82.8
0,29,32,26,29,73.8
0.08,29,31,27,0,0
0.24,30,33,28,0,0
0,34,36,32,0,0
0.08,32,33,31,0,0
0,27,31,24,0,0
0.39,30,34,26,0,0
0.08,34,36,32,12,71.6
0.83,32,33,32,12,96.2
0.16,34,37,31,0,0
0.04,29,31,26,0,0
0,18,26,11,0,0
0.08,16,23,9,0,0
0,24,25,22,0,0
0,28,35,22,0,0
0,29,34,23,0,0
0.08,16,23,9,33,87.2
0,11,16,6,28,73.8
0,12,19,6,0,0
0.55,14,19,9,12,73.8
0.08,18,23,13,28,71.6
0,19,28,11,0,0
0.16,2,16,-12,31,82.8
0,-10,-3,-16,30,78.3
0.16,2,17,-13,0,0
0.12,17,31,2,0,0
0,-5,4,-13,0,0
0,3,20,-14,0,0
0,24,32,17,0,0
0.16,29,32,27,0,0
0,29,33,24,0,0
0.08,30,35,26,0,0
0,17,34,0,31,98.4
0.28,12,29,-5,0,0
0.55,36,42,29,28,96.2
0,21,31,12,0,0
0.43,15,27,3,0,0
0.51,18,27,10,28,91.7
0.16,9,18,0,0,0
0.12,21,29,13,30,71.6
0,15,25,6,0,0
0.47,17,30,4,10,82.8
0.31,27,33,22,26,82.8
0.08,16,23,9,25,125.3
0,5,15,-5,0,0
0,2,16,-11,0,0
0,-1,9,-10,0,0
0,-5,5,-14,0,0
0.2,12,33,-9,16,96.2
0.35,35,41,29,17,96.2
0.08,39,45,33,0,0
0.04,17,35,-2,28,127.5
0,2,14,-9,0,0
0,6,17,-4,30,78.3
0.04,14,32,-4,0,0
0,23,30,15,0,0
0.12,21,27,15,0,0
0.08,28,32,24,0,0
0,31,33,29,0,0
0,31,35,28,0,0
0.04,29,33,25,0,0
0,26,29,23,0,0
1.1,25,28,23,9,82.8
0.16,27,31,25,0,0
0.2,29,34,25,26,87.2
0.24,23,26,19,27,78.3
0.08,24,29,20,28,82.8
0,21,31,11,0,0
0.08,11,21,2,0,0
0,4,16,-7,0,0
0.08,2,19,-15,0,0
0,15,22,7,26,82.8
0,7,16,-2,31,71.6
0.12,7,19,-5,25,73.8
0.2,22,28,17,28,78.3
0,10,21,0,33,87.2
0.31,5,16,-5,11,91.7
0.32,23,36,10,31,96.2
0,4,10,-2,0,0
0,-1,5,-6,34,96.2
0,2,10,-7,0,0
0.28,7,23,-8,12,73.8
0.31,15,21,8,3,96.2
0,10,22,-1,0,0
0.39,16,27,4,0,0
0,22,26,17,28,82.8
0,18,24,11,27,82.8
0,26,41,10,0,0
0,36,42,29,30,71.6
0,21,31,11,32,71.6
0,20,38,1,0,0
0.08,35,44,26,0,0
0.2,44,61,26,21,78.3
0.55,38,44,33,0,0
0.31,45,58,33,14,91.7
0.08,24,34,14,28,91.7
0,-1,5,-6,28,98.4
0,6,17,-4,34,71.6
0,11,31,-8,0,0
0.18,25,35,16,0,0
0.16,38,44,31,27,91.7
0,23,35,11,25,107.4
0,6,15,-3,0,0
0,-8,-2,-13,28,96.2
0.04,3,9,-4,29,91.7
0,9,18,0,0,0
0.72,13,21,6,2,116.3
0.47,23,28,19,35,73.8
0.09,14,19,9,26,78.3
0.43,16,26,5,0,0
0.47,21,38,4,0,0
0,22,42,3,0,0
0,25,42,8,0,0
0,35,45,26,0,0
0.28,19,31,7,31,87.2
0,13,23,4,29,73.8
0,20,31,9,0,0
0.04,25,34,15,0,0
0.11,22,40,5,0,0
0.48,30,32,28,0,0
0.39,33,36,29,0,0
0.04,33,36,29,35,73.8
0,31,39,22,0,0
0,30,44,16,0,0
0.24,33,37,29,14,71.6
0,32,41,22,0,0
0,31,43,20,0,0
0.55,33,40,26,15,98.4
0.24,35,39,31,0,0
0.83,38,42,34,10,96.2
0.16,41,47,34,12,82.8
0.08,36,39,33,27,107.4
0.08,41,53,30,0,0
0.04,55,74,37,0,0
0.24,45,52,38,0,0
0.08,41,46,36,0,0
0,40,47,32,32,73.8
0,39,53,25,0,0
0,47,64,30,0,0
1.02,44,53,35,0,0
0.16,38,40,35,,
,,,,0,0
,,,30,15,96.2
0.04,40,44,37,0,0
0.31,38,41,35,13,98.4
0.12,38,42,35,0,0
0,47,59,36,35,82.8
0,36,45,27,0,0
0.12,45,63,27,15,91.7
0.67,51,59,43,0,0
0,58,72,44,0,0
0,60,74,45,28,73.8
0,52,67,36,31,107.4
0,43,51,35,0,0
1.06,40,42,39,11,78.3
0.28,47,53,40,0,0
0,42,48,35,29,91.7
0,45,61,29,0,0
0.2,46,53,39,15,107.4
0.04,55,65,45,14,125.3
0.63,52,60,43,15,111.8
0.04,38,43,33,0,0
0.08,41,50,31,0,0
0.31,40,47,33,0,0
0.08,46,53,40,0,0
0,53,64,42,0,0
0,54,69,39,14,73.8
0.35,48,52,44,0,0
0.04,51,62,40,2,91.7
0,52,69,35,32,87.2
0,63,82,43,25,73.8
0,75,87,62,26,91.7
0,52,66,38,30,78.3
0,47,60,33,0,0
0,48,67,30,0,0
0,53,58,48,17,78.3
0,54,64,45,0,0
0,54,71,38,0,0
0.2,58,70,47,12,96.2
0.63,49,52,45,7,82.8
0,54,67,42,0,0
0,57,75,39,0,0
0,58,67,49,17,96.2
0,57,66,49,15,78.3
0.08,60,72,48,16,73.8
0,56,66,47,24,91.7
0,52,59,45,0,0
0,52,59,44,0,0
0,57,68,47,0,0
0.47,55,61,49,12,78.3
0,55,68,42,6,78.3
0,59,79,40,0,0
0,67,83,52,0,0
0,63,75,51,29,102.9
0,58,74,42,0,0
0,72,86,59,25,107.4
0,72,84,60,0,0
0,63,74,52,23,73.8
0,53,64,42,0,0
0,53,70,37,0,0
0.98,54,56,51,0,0
0,67,78,55,0,0
0,73,87,59,17,73.8
0.24,70,78,62,0,0
0.08,66,73,59,28,82.8
0.12,59,69,50,23,82.8
0.04,61,71,50,24,73.8
0.59,62,70,53,0,0
0.31,65,75,54,35,71.6
0,62,72,51,0,0
0,56,68,45,0,0
0,58,71,44,0,0
0.08,60,69,51,0,0
0.16,63,74,53,26,87.2
0,64,72,55,0,0
0.35,69,73,63,13,71.6
0.04,66,73,58,25,87.2
0.24,65,70,59,29,87.2
0.07,62,71,53,0,0
0,64,78,50,0,0
0,67,82,52,23,73.8
0.47,68,76,60,0,0
0.91,65,71,58,0,0
0,65,74,56,27,82.8
0.04,67,75,58,24,71.6
0,69,80,58,25,78.3
0.04,60,65,55,0,0
0.04,63,73,52,0,0
0.04,63,76,49,0,0
0,64,71,58,0,0
0,67,78,56,0,0
0.24,69,80,58,0,0
0,70,81,59,0,0
0,71,82,59,24,71.6
0.04,70,81,58,0,0
0.16,68,80,57,33,82.8
0.04,57,69,45,30,71.6
,,,40,0,0
0,58,69,47,0,0
0,61,73,49,0,0
0,63,79,48,0,0
0.08,67,74,61,0,0
0,57,69,46,0,0
0,56,71,42,0,0
0,60,76,45,0,0
0,66,80,52,0,0
0,65,78,52,0,0
0,67,86,49,0,0
0,71,82,60,0,0
0.47,72,85,58,17,78.3
0.83,66,74,57,17,78.3
0.08,56,61,51,29,71.6
0,58,69,47,0,0
0,60,70,50,0,0
0,62,75,49,0,0
0,61,74,47,0,0
0.12,67,78,55,16,71.6
0.24,68,77,59,0,0
0.04,65,75,54,0,0
0.04,65,79,52,0,0
0,66,78,53,0,0
0.06,58,67,49,30,71.6
0,60,71,49,0,0
0.63,55,61,49,0,0
0,69,79,59,0,0
0.04,66,74,59,30,71.6
0,69,79,59,26,71.6
1.22,71,80,61,26,71.6
0.08,62,69,54,28,82.8
,58,65,51,0,0
,53,63,44,30,73.8
,55,68,41,0,0
,57,71,43,0,0
,57,74,41,0,0
,58,75,42,0,0
,58,69,46,0,0
0,56,63,48,33,78.3
0,50,56,44,29,96.2
0,53,66,40,0,0
0.83,53,66,41,17,98.4
0.12,60,69,51,0,0
0.28,63,71,55,0,0
0.12,56,59,53,0,0
0.39,56,60,52,0,0
0,57,65,49,0,0
0.12,54,62,46,0,0
0,54,64,45,0,0
0,56,72,40,0,0
0,61,75,46,32,71.6
0,63,77,49,0,0
0,65,79,51,0,0
0,63,77,49,0,0
0,65,79,51,0,0
0,67,79,54,0,0
0,66,80,53,0,0
0,67,77,56,0,0
0,64,76,52,0,0
0,60,74,45,0,0
0,59,77,40,0,0
0,63,80,46,0,0
0,72,85,58,0,0
0,75,88,62,0,0
0,75,88,63,0,0
0.79,72,85,58,24,73.8
0,50,61,40,31,82.8
0,44,52,36,0,0
0,44,55,34,0,0
0,47,62,33,25,71.6
0,47,63,32,0,0
0,49,70,29,0,0
1.18,60,75,45,25,71.6
0.04,55,64,46,0,0
0,49,60,38,0,0
0.08,51,66,37,0,0
0.24,66,73,59,26,107.4
0.91,58,62,54,0,0
0.12,58,72,45,0,0
0,41,51,31,0,0
0,43,56,30,0,0
0,47,65,28,14,71.6
0,58,63,53,0,0
1.14,59,70,49,33,73.8
0,41,49,32,28,73.8
0,39,50,29,0,0
0,48,59,36,0,0
0,52,71,32,27,78.3
0,46,57,35,31,102.9
0,48,64,32,0,0
0,55,69,41,0,0
0,55,74,36,0,0
0.78,59,71,46,14,116.3
1.34,58,64,52,0,0
1.22,49,52,46,0,0
0.28,39,46,32,25,102.9
0.06,47,62,31,13,73.8
0.47,48,54,41,0,0
0.51,55,68,42,12,136.5
0.12,41,47,34,24,98.4
0,36,44,29,0,0
0.75,47,55,38,0,0
0.51,49,60,37,31,111.8
0,35,41,30,0,0
0.28,42,52,31,16,87.2
0.24,45,58,31,0,0
0,28,34,22,0,0
0,29,40,18,0,0
0,36,45,27,0,0
0.12,27,38,15,24,116.3
0,22,29,14,25,96.2
0,23,32,15,0,0
0,21,32,10,0,0
0,31,35,28,0,0
0,30,38,21,0,0
0.08,31,37,26,0,0
0.08,27,35,18,30,98.4
0,22,33,12,0,0
0.35,33,42,24,29,102.9
0,17,24,10,26,87.2
0,27,44,10,0,0
0.12,29,37,21,0,0
0,22,27,18,0,0
0.04,31,35,27,0,0
0.08,40,49,30,0,0
0,28,35,21,29,73.8
0.08,13,22,5,31,71.6
0.04,23,42,4,0,0
0.04,31,44,18,30,82.8
0.16,27,40,14,0,0
0.08,33,36,31,0,0
0,28,31,25,0,0
0,28,34,22,0,0
0,29,33,25,0,0
0.55,34,40,29,16,91.7
0.04,36,42,31,25,87.2
0,29,32,26,26,73.8
0,27,32,21,27,78.3
0,24,30,19,0,0
0.04,22,29,16,28,82.8
,,,12,0,0
0.75,10,20,0,0,0
0.04,11,18,4,26,78.3
0,2,5,-2,25,78.3
0,2,12,-7,0,0
0.04,6,15,-2,0,0
0,-1,10,-12,0,0
0,2,15,-10,0,0
0.39,24,34,15,0,0
0.04,20,30,10,29,71.6
0,2,10,-5,0,0
0,-2,10,-14,0,0
0.75,19,27,10,0,0
0.04,15,22,7,24,71.6
0.2,8,12,4,0,0
0.08,5,17,-6,24,111.8
0,-9,-4,-13,25,73.8
0,-10,-6,-14,26,82.8
0,-12,-6,-19,0,0
0,-9,-2,-16,0,0
0,-9,-5,-13,27,73.8
0,-12,-5,-18,0,0
0,-10,-2,-18,0,0
0,1,17,-15,0,0
0.24,11,19,2,36,98.4
0,4,16,-7,26,116.3
0,-9,-5,-12,26,98.4
0.08,-6,3,-14,0,0
0.28,15,27,3,0,0
0.04,18,29,8,30,98.4
0,11,24,0,0,0
0,33,44,21,0,0
0.83,41,52,29,32,98.4
1.1,12,29,-4,0,0
0,-8,2,-19,0,0
0,-8,8,-24,0,0
0,9,15,3,0,0
0.12,17,26,7,0,0
0,20,23,17,0,0
0,24,26,21,0,0
0.04,28,36,20,24,96.2
0,14,21,8,0,0
0.2,18,23,14,0,0
0.71,24,33,16,11,71.6
0.08,17,33,2,0,0
0,1,5,-3,0,0
0,1,13,-11,0,0
0.39,16,37,-5,,
0,26,39,13,,
0,9,22,-3,0,0
0,8,15,2,0,0
0.08,4,12,-3,0,0
0.12,21,31,12,0,0
0,11,26,-5,29,82.8
0,-2,10,-13,0,0
0.55,18,30,7,0,0
0.04,17,30,4,26,98.4
0,14,23,6,0,0
0.61,4,14,-5,0,0
0,6,16,-4,0,0
0.07,8,19,-3,0,0
0.35,15,25,6,0,0
0.15,28,38,18,0,0
0,23,38,9,28,91.7
0,9,20,0,0,0
0,18,38,-2,25,78.3
0,33,42,23,0,0
0.08,25,39,11,0,0
0,14,26,1,0,0
0,23,32,15,0,0
0,27,45,9,0,0
0.59,36,38,33,0,0
0.39,45,54,36,,
,,,,0,0
0,16,33,-1,17,73.8
0.12,24,36,13,29,73.8
0.2,21,30,12,16,98.4
0.04,34,40,28,25,87.2
0,33,41,26,31,78.3
0.39,39,47,30,0,0
0.04,31,35,27,9,71.6
0,29,33,25,0,0
0.04,32,37,28,7,96.2
0,33,36,30,8,71.6
0,30,37,23,6,71.6
0,29,36,23,9,73.8
0,28,29,26,12,71.6
0.4,27,30,24,6,87.2
0.07,25,31,20,0,0
0.13,28,30,26,34,71.6
0,31,36,26,0,0
0,29,35,24,0,0
0.2,29,32,27,9,73.8
0.35,29,32,26,35,73.8
0.12,27,32,23,29,87.2
0,18,23,13,33,107.4
0,10,16,5,31,91.7
0,8,17,-2,30,73.8
0,13,22,4,30,82.8
0,17,27,7,0,0
0,19,39,-2,0,0
0,28,37,19,2,87.2
0,28,41,14,0,0
,,,24,0,0
0,28,39,17,0,0
0,26,43,8,0,0
0,31,49,12,13,73.8
0.16,35,38,31,0,0
0.2,40,49,30,0,0
0.35,36,43,30,34,71.6
0,31,41,21,26,96.2
0.08,33,42,23,25,107.4
0,27,35,19,0,0
0,32,44,20,0,0
0.98,28,35,21,25,111.8
0.04,17,22,12,24,132
0,22,37,7,25,82.8
0.09,29,35,24,24,78.3
0,22,31,14,0,0
0,20,27,12,31,82.8
0,21,36,6,0,0
0,30,43,18,0,0
0.08,38,47,30,17,78.3
0.06,39,44,33,0,0
0,29,37,22,32,91.7
0,25,33,17,11,78.3
0.39,30,34,26,10,120.8
0.39,36,40,31,0,0
0,36,41,30,0,0
0.06,36,40,32,0,0
0.06,39,46,32,0,0
0,38,48,29,34,73.8
0,37,50,24,0,0
0,42,60,24,0,0
0,48,69,26,0,0
0.35,49,63,35,0,0
1.3,48,52,45,0,0
0.08,49,59,40,0,0
0.12,49,58,40,0,0
2.05,43,46,40,6,71.6
0.28,45,52,39,9,71.6
0,47,56,38,0,0
0.16,61,78,44,26,82.8
0.39,49,54,44,0,0
0.31,51,60,43,25,116.3
0,52,63,42,28,120.8
0,53,63,44,0,0
0,44,56,32,0,0
0,50,71,29,26,96.2
0,58,78,38,0,0
0,58,76,40,14,96.2
0,38,48,27,35,82.8
0,43,59,27,27,71.6
0,49,68,30,0,0
0,59,75,43,26,96.2
0,50,64,36,30,78.3
0,50,69,31,0,0
0,46,59,33,33,71.6
0,44,59,29,0,0
0.2,51,71,31,14,78.3
0.16,52,62,41,30,71.6
0,54,72,37,30,91.7
0,58,78,39,24,82.8
0,49,58,40,0,0
0,50,65,35,0,0
1.14,70,84,56,26,96.2
0,58,69,47,0,0
0,57,71,42,12,98.4
0,60,68,52,0,0
0,59,74,43,0,0
0,60,81,38,0,0
0,72,89,54,0,0
0.04,73,79,66,0,0
0,55,69,41,2,87.2
0,53,70,36,0,0
0.24,46,49,43,15,82.8
0.24,50,58,43,,
0.08,54,63,45,0,0
0,54,67,42,26,73.8
0,59,67,51,28,78.3
0,53,66,41,31,78.3
0,49,62,36,0,0
0,52,68,36,0,0
0,58,77,40,25,98.4
0.31,67,84,51,9,87.2
0.59,50,53,47,0,0
0.04,59,74,43,0,0
0,65,79,50,0,0
0,67,84,51,0,0
0.39,68,76,61,25,71.6
0,59,69,49,29,82.8
0.2,62,77,47,25,82.8
0,53,63,41,0,0
0,55,74,36,0,0
0,61,76,45,0,0
0.16,62,71,54,0,0
0,54,65,43,34,78.3
0.04,58,73,42,0,0
0,65,79,51,0,0
0.08,64,67,61,0,0
0.04,71,83,59,0,0
0.43,70,81,59,0,0
0.04,74,84,65,0,0
0.43,81,92,69,30,107.4
0.16,75,85,64,0,0
0,75,90,60,0,0
0.39,78,92,63,30,107.4
1.54,61,75,47,31,91.7
0,58,74,43,28,71.6
0,67,80,54,24,82.8
0,72,86,59,25,73.8
0.08,66,79,52,33,107.4
0,58,71,45,0,0
0,66,77,55,0,0
0,67,81,52,0,0
0.12,61,64,58,0,0
0.51,67,76,57,0,0
0,71,83,58,,
0.71,69,78,60,,
0,58,68,48,33,76.1
0,60,76,45,,
0,69,84,53,,
0,70,85,55,,
0,65,79,52,,
0.04,74,83,65,,
0,77,87,68,17,87.2
1.22,76,86,66,20,82.8
0.87,71,76,65,,
0.12,71,78,63,,
0,71,81,61,,
0.08,66,75,57,,
,68,80,56,,
,70,83,57,,
,70,83,57,,
,71,79,63,25,87.2
,71,79,63,,
,70,79,61,,
,71,85,58,,
,75,86,64,,
,71,80,62,,
,71,81,61,,
0.93,70,78,62,27,69.3
0,64,73,55,29,71.6
0,67,81,53,,
0,68,82,53,,
0,70,84,57,,
0.43,73,82,64,,
0,70,80,61,,
0,60,70,51,,
0.63,61,76,47,,
0.12,64,75,54,,
0,63,77,49,,
0,64,78,50,,
0,64,78,50,,
0.31,64,70,58,,
0,63,71,54,,
0,67,78,55,,
0,68,81,55,,
0.31,69,79,59,,
0,72,81,62,,
0.31,75,86,64,25,96.2
1.14,71,81,61,27,71.6
0,55,65,45,,
0,58,71,45,,
0,63,75,50,,
0.24,67,79,56,,
0.12,74,82,66,,
0,64,74,54,,
0,67,80,54,,
0.12,62,76,48,,
0,57,69,44,,
0,50,58,42,,
0,47,60,35,,
0,49,64,33,16,78.3
0.55,59,65,52,,
0,58,67,49,,
0,64,79,49,,
0,67,82,52,,
0,67,82,52,,
0,67,76,58,,
0,69,83,56,,
0.24,60,75,45,,
0,51,58,45,,
0,52,61,43,,
0.91,53,65,41,22,85
0,51,65,37,29,94
0,45,59,32,31,69.3
0,41,55,27,,
0.2,44,55,32,15,85
1.02,60,72,49,32,73.8
0,51,60,42,,
0.04,56,65,46,,
0.04,53,60,45,,
0,49,55,44,,
0,45,55,35,,
0,43,48,38,11,71.6
0,49,52,45,,
0.24,53,67,39,33,69.3
0,40,51,30,,
0,44,55,34,,
0,44,47,41,,
0.24,45,51,40,,
0,38,43,34,,
0,42,50,34,25,76.1
0.2,44,54,33,26,96.2
0,39,43,35,25,134.2
0.07,39,47,31,26,76.1
0,33,37,28,32,105.1
0,41,54,28,,
0.01,44,55,34,25,107.4
0,33,37,29,29,78.3
0,31,37,26,29,78.3
0.07,35,45,25,10,69.3
0,31,37,24,35,71.6
0,28,34,23,28,91.7
0,29,37,20,24,80.5
0.28,27,38,16,11,76.1
0.24,35,37,32,,
0.11,40,45,35,,
0,36,39,34,,
0.24,35,38,32,,
0.03,41,44,38,,
0.69,37,40,34,13,76.1
0.7,41,48,34,26,105.1
0,32,38,26,28,87.2
0,32,40,25,,
0.37,43,49,37,,
0.03,44,49,39,25,94
0,39,43,36,26,78.3
0.11,32,36,27,,
0.96,29,34,23,29,100.7
0.01,22,27,17,30,102.9
0,21,31,11,,
0.48,25,33,16,30,96.2
0.01,11,16,7,32,100.7
0,9,18,0,,
0.54,19,23,15,,
0.01,25,31,19,,
0,15,23,7,,
0.01,19,30,9,,
0.15,23,26,20,,
0.07,14,24,3,32,76.1
0,4,10,-2,28,87.2
0,12,21,3,,
0,27,37,18,,
0.24,31,34,27,,
0.03,32,35,29,,
0.17,32,34,29,8,78.3
0.04,33,36,30,4,69.3
0.01,32,34,30,,
0,29,31,28,,
0,28,29,27,,
0.54,31,36,26,,
0.15,30,38,23,,
0.02,22,26,17,29,78.3
0.01,13,22,4,,
0.08,14,26,3,,
0.01,14,27,0,,
0,1,9,-8,,
0.12,11,26,-4,,
0.01,11,17,4,,
0.02,9,18,0,,
0.04,3,15,-9,,
0.01,0,17,-17,,
0.14,19,35,2,,
0.01,31,38,26,,
0.01,29,38,19,,
0.05,25,31,19,31,85
0.01,17,21,13,28,96.2
0,18,25,11,,
0,26,40,13,,
2.05,41,51,31,,
0.03,37,50,25,27,98.4
0.01,17,25,9,30,96.2
0.01,13,20,5,,
0,8,15,1,,
0,11,19,4,,
0,6,11,0,,
0.54,22,34,9,,
0.12,23,42,4,32,69.3
0,6,15,-3,,
0,23,32,14,,
0.7,17,32,1,30,80.5
0.01,0,11,-11,,
0.07,11,23,-1,,
0.08,27,34,21,,
0.02,33,35,32,,
0.04,19,32,6,32,80.5
0.01,3,9,-4,,
0.37,20,31,9,16,69.3
0.77,28,32,25,33,82.8
0.04,17,29,6,28,89.5
0.02,2,6,-2,29,91.7
0,-2,4,-8,25,76.1
0.01,-2,11,-14,,
0,4,16,-9,,
0,13,21,4,,
0.1,13,29,-3,29,98.4
0.01,-4,4,-12,,
0.06,8,25,-9,33,85
0.03,-5,3,-14,,
0.94,1,8,-6,8,69.3
0.11,1,5,-4,32,80.5
0.01,-3,5,-11,,
0.19,11,25,-3,,
0.89,31,38,25,26,78.3
0.03,16,27,6,26,98.4
0.02,3,12,-7,,
0.07,7,28,-14,16,107.4
0.02,-2,11,-15,29,69.3
0.27,2,17,-12,,
0.11,10,20,1,25,76.1
0.02,-2,2,-6,25,96.2
0.01,0,7,-6,27,80.5
0.08,7,15,-1,27,69.3
0.01,8,21,-4,,
0.05,27,34,21,,
0.09,27,45,11,26,100.7
0.06,13,24,3,,
0.05,27,33,22,,
0.09,28,42,14,24,136.5
0,11,15,6,28,129.7
0,10,16,4,29,71.6
0,1,10,-7,,
0.21,2,21,-16,13,76.1
0.67,18,22,14,9,89.5
0.06,14,23,5,24,78.3
0.19,18,32,4,17,107.4
0.02,19,28,10,28,85
0,2,14,-9,,
0,0,14,-14,,
0,2,10,-6,30,69.3
0,5,20,-10,,
0.33,22,31,13,28,76.1
0,17,29,4,,
0,14,31,-2,,
0.54,23,31,15,11,94
0.11,18,31,6,33,134.2
0,0,6,-6,29,105.1
0,-4,6,-15,28,76.1
0,-4,17,-25,,
0,6,28,-17,,
0.01,15,34,-4,,
0.04,23,29,17,,
0.06,21,29,12,,
0,8,17,-2,25,71.6
0.03,5,14,-4,28,80.5
0,2,11,-7,26,69.3
0,13,25,1,25,80.5
0,15,26,3,,
0.55,13,30,-3,15,105.1
0.14,28,35,21,26,102.9
0,20,27,13,,
0,23,36,9,,
0,38,51,26,,
0.17,43,50,36,27,91.7
0.03,30,41,19,26,102.9
0,18,23,14,28,91.7
0,17,26,7,26,73.8
0,12,28,-3,,
0,20,42,-1,,
0.02,33,45,20,,
0.76,33,34,31,31,100.7
0.16,30,35,25,28,89.5
0,27,36,17,25,87.2
0,19,26,13,25,89.5
0,17,26,9,31,78.3
0,21,41,2,,
0,34,49,18,25,96.2
0.03,32,41,23,,
0.08,31,42,21,,
0.18,43,56,30,17,98.4
0,24,30,19,28,100.7
0,34,45,22,,
0,38,47,29,28,109.6
0,26,31,21,30,125.3
0,27,38,16,,
0.05,35,39,31,,
0,36,43,29,30,78.3
0.75,26,29,23,12,100.7
0.64,26,29,23,,
0.04,30,36,24,,
0,30,43,17,,
0,38,52,24,16,69.3
0,49,61,38,26,111.8
0.2,41,48,35,,
0.45,37,42,32,11,73.8
0.01,36,40,32,30,98.4
0,38,50,26,,
0.2,36,48,24,16,98.4
0.91,44,50,39,,
1.41,41,44,38,,
0.07,53,66,40,,
0,50,63,37,,
0,38,44,32,10,76.1
0.38,37,40,34,,
0,40,47,33,,
0.54,41,51,31,16,100.7
0.44,40,45,35,11,76.1
0,36,40,32,29,69.3
0,37,45,30,32,87.2
0,40,49,32,27,100.7
0.2,37,48,26,,
0.05,43,54,33,,
0.19,45,53,37,,
0.01,45,57,32,,
0,48,66,29,,
0,53,72,34,,
0.04,48,60,35,30,71.6
0,39,49,29,30,94
0.03,43,60,25,,
0.82,46,52,41,27,71.6
0.01,40,50,31,32,82.8
0,44,60,29,2,82.8
0,45,58,31,11,76.1
0.28,43,47,39,,
0,43,49,36,,
0,44,56,33,,
0.17,51,59,43,18,76.1
0.02,50,57,43,,
0.21,48,52,44,,
0.08,61,73,48,25,87.2
0,47,52,42,32,87.2
0,51,64,38,,
0.67,55,67,43,,
0.15,52,63,42,4,80.5
0.34,55,71,39,,
0.11,63,72,53,23,76.1
0,47,59,35,25,94
0,45,59,31,,
,51,59,42,,
0.11,55,70,40,23,71.6
0,47,57,38,,
0,52,69,35,,
1.02,58,65,51,17,69.3
0.01,53,60,45,24,91.7
0,50,58,42,24,80.5
0,54,68,40,,
0,56,70,41,,
0,55,73,37,23,89.5
0,52,65,40,,
0,65,82,48,,
0,69,88,51,18,85
0.62,54,65,43,31,80.5
0,56,72,41,25,69.3
0.03,57,69,45,17,100.7
0,60,69,50,,
0.33,60,70,49,28,76.1
0,58,68,48,,
0,58,70,46,,
0,60,76,44,,
0.54,63,78,47,,
0.79,61,64,58,,
0,61,72,50,2,80.5
0,62,74,49,34,71.6
0,63,77,48,32,94
0,56,72,41,,
0.62,58,74,42,14,71.6
0.01,69,80,57,,
0.74,68,81,55,33,102.9
0,67,81,53,,
0.27,67,75,60,,
0,64,74,55,,
0,66,78,54,,
0,68,80,56,,
0,67,81,53,,
0,71,88,55,27,69.3
0,74,87,61,,
0.68,65,78,52,,
0,60,73,46,32,69.3
0,62,77,47,,
0,65,79,53,34,71.6
0,64,78,50,,
0.46,69,82,56,16,69.3
0.06,71,78,63,,
0,71,81,61,,
0,66,74,58,29,73.8
0,68,77,59,30,73.8
0,68,81,56,,
0.02,67,80,54,,
0,64,80,48,,
0.48,69,83,54,23,134.2
0,78,89,67,,
0.32,70,78,62,,
0,61,68,53,,
0,64,77,51,,
0,59,70,48,,
0,61,77,45,,
0,69,84,54,,
0,71,86,57,,
0,72,83,61,25,69.3
0,75,85,65,,
0.2,76,90,62,26,76.1
0.35,72,81,63,26,102.9
0.05,65,75,55,,
0,66,80,52,,
0.06,67,81,53,,
0.01,57,67,47,,
0,59,75,43,31,94
0.4,67,84,49,,
0.96,71,80,63,20,76.1
0.89,69,74,64,,
0.28,64,72,55,,
0.01,59,68,50,,
0,62,73,50,32,78.3
0.01,68,75,62,,
0,60,72,48,,
0,58,72,45,,
0,58,72,43,,
0.36,60,71,49,,
0.75,66,72,59,,
0,71,79,63,,
0.01,72,82,62,21,69.3
0,66,80,53,,
0.41,62,73,51,,
0.03,68,78,58,,
0,60,69,51,29,69.3
0,59,71,47,,
0,59,74,43,,
0,61,77,45,,
0,62,78,45,,
0.15,64,81,47,,
0.06,66,77,56,,
0.04,63,72,53,25,71.6
0,57,67,47,,
0,55,70,41,,
0.87,58,62,54,,
0.04,59,65,53,,
0.37,59,69,49,31,76.1
0.01,54,66,43,,
0,56,68,45,,
0,53,59,47,,
0,54,62,45,,
0,52,62,42,,
0.07,50,61,38,,
0.14,56,64,48,,
0,52,64,39,,
0,50,65,35,,
0.11,55,64,46,,
0,56,61,52,,
0,55,60,50,,
0,50,59,41,,
0,49,62,36,,
0,51,70,31,,
0,60,75,45,,
0,61,73,49,,
0,63,79,47,,
0.41,68,73,62,,
0.76,54,62,46,,
0,50,55,45,,
0.6,54,62,47,25,76.1
0.01,54,63,46,,
0.24,54,60,49,,
0.01,44,55,33,,
0.01,54,63,44,,
0,45,52,37,,
0.13,39,48,31,,
0.16,37,44,30,,
0,41,54,27,,
0.08,42,56,28,,
0.33,53,57,48,,
0,47,59,35,,
0,45,61,30,,
0,45,62,29,,
0,48,65,31,,
0,50,54,46,,
0,45,59,30,,
0.06,48,68,28,15,69.3
0.01,43,53,33,,
0,45,60,31,14,85
0.49,45,50,40,8,120.8
0.01,44,49,39,30,85
0,40,50,29,,
0,40,53,27,,
0,45,59,30,,
0.08,49,60,37,12,80.5
1.06,46,49,42,11,69.3
0.02,48,57,39,26,78.3
0,40,49,31,,
0,37,48,27,,
0.56,33,40,26,,
0.05,46,51,40,,
0,48,53,44,,
0.01,51,58,44,,
2.31,55,62,49,,
1.11,48,62,34,25,158.8
0,36,40,31,,
0.13,36,43,29,,
0.11,37,42,33,,
0.23,41,46,36,28,76.1
0.01,33,39,28,24,87.2
0.26,29,33,26,,
0.09,22,26,18,,
0,21,29,13,,
0.02,31,37,26,,
0.36,22,26,18,,
0.55,17,23,11,21,78.3
0.01,12,19,5,26,96.2
0.03,13,25,1,,
0.11,21,34,8,28,91.7
0,11,19,3,,
0,13,30,-4,,
0,17,33,0,,
0.09,29,31,27,,
0,31,34,29,,
0.01,31,34,28,,
0.14,31,40,21,30,102.9
0.01,22,28,15,32,85
0.3,24,34,14,,
0.03,32,36,29,,
0,35,41,30,,
0.27,34,39,29,,
0.31,29,31,27,33,76.1
0.01,16,27,5,,
0,8,18,-1,,
0,7,20,-6,,
0,14,26,2,,
0.02,18,27,9,,
0.01,20,29,11,,
0.03,27,31,23,28,71.6
0.02,21,25,17,,
0.01,14,20,7,,
0,20,33,8,,
0.32,36,43,29,,
0.03,33,49,18,33,102.9
0.09,17,22,11,29,89.5
0.02,12,17,7,29,85
0.01,23,37,9,,
0.46,37,42,33,,
0.08,28,45,11,24,107.4
0.01,13,18,8,29,89.5
0,22,26,17,,
0.08,19,25,14,,
0.02,7,14,0,32,96.2
0,8,12,4,,
0,7,16,-2,,
0.06,18,32,4,,
0,35,42,28,29,85
0.01,20,29,9,32,94
0,15,22,8,,
0,12,22,2,,
0.14,29,38,19,,
0.01,34,37,30,28,80.5
0,26,30,22,,
0.11,21,25,17,12,87.2
0.3,26,28,23,,
0,26,32,21,,
0,33,44,21,,
0.21,42,54,29,27,98.4
0.01,20,29,12,31,100.7
0.01,14,25,2,,
0.12,18,35,1,16,87.2
0.01,30,38,22,,
0,30,46,14,,
0.06,37,49,24,,
0.06,34,40,28,32,69.3
0,35,47,23,,
0.52,39,48,30,12,127.5
0.35,32,35,30,6,80.5
0,34,41,26,,
0.02,35,38,31,,
0.56,38,44,32,6,85
0,45,52,37,7,105.1
0,40,51,30,,
0,42,54,30,,
0,39,48,30,28,89.5
0,33,42,25,,
0.01,32,44,20,,
0.37,34,40,28,11,89.5
0.44,33,35,30,1,98.4
0,34,38,30,28,76.1
0,39,53,26,,
0.52,46,54,37,21,98.4
0.01,37,44,30,27,105.1
0.01,32,40,24,24,82.8
0.02,31,38,23,21,73.8
0,31,38,24,27,76.1
0.01,33,47,19,,
0.06,40,56,23,22,69.3
0.02,30,39,21,29,76.1
0.15,35,50,19,16,114.1
0.02,26,31,21,26,82.8
0,31,41,20,28,96.2
0,36,51,20,,
0,38,54,22,,
0,41,57,26,4,96.2
0,45,51,39,11,98.4
0.01,43,56,30,3,73.8
0,45,61,28,14,78.3
0.08,48,55,41,14,107.4
0.33,47,55,39,16,80.5
0.01,48,59,37,34,78.3
0.44,53,67,39,,
0.04,41,47,36,,
0.12,40,47,33,,
0,43,56,30,,
0.01,42,57,27,26,73.8
0.03,38,46,30,27,78.3
0.07,35,39,30,29,107.4
0,37,44,31,27,91.7
0.28,44,57,31,,
0.37,38,45,31,29,73.8
0,41,53,29,30,91.7
0,45,61,29,3,71.6
0.36,49,59,40,,
0.04,51,62,39,,
0,51,64,37,34,76.1
0,48,62,34,29,71.6
0,52,67,36,,
0,54,74,34,,
0,60,78,41,28,80.5
0.01,64,79,49,34,76.1
0.01,54,66,42,,
0,57,78,36,,
0,64,82,46,,
0.09,76,88,64,,
0,77,90,63,,
0,76,88,63,,
0.14,77,88,65,20,89.5
0.24,57,66,49,28,76.1
0.02,41,49,33,27,69.3
0,42,53,30,,
0,46,63,29,,
0,56,64,48,,
0,61,74,48,22,78.3
0,67,82,51,,
0.35,58,69,48,2,76.1
0,54,64,45,,
0,54,68,41,,
0,58,70,46,,
0.03,58,74,43,13,100.7
0.24,67,78,56,17,76.1
0,61,74,48,29,94
0.01,51,60,43,,
0,51,66,37,,
0,57,73,41,,
0,63,82,44,,
0.01,67,85,48,,
0,72,90,54,,
0,74,90,58,,
0.01,75,90,59,,
0,75,93,56,18,82.8
0.09,77,90,64,,
0.01,76,87,65,12,87.2
0.36,64,73,55,,
0,62,74,50,25,78.3
0,64,78,51,27,71.6
0,67,74,59,,
0.21,66,75,58,,
0.12,67,72,62,6,94
0.04,67,73,61,,
0,71,83,60,,
0,74,87,61,34,73.8
0.01,70,82,57,,
0,69,82,56,,
0,63,76,49,,
0.81,71,79,63,,
0,74,88,59,,
0,77,92,62,16,78.3
0.52,74,81,67,16,109.6
0.13,73,82,64,29,78.3
0,71,81,62,,
0,66,71,61,,
0,66,77,56,10,69.3
0,65,79,52,,
0.85,62,66,58,,
0,73,84,62,,
0.7,75,87,64,24,71.6
0.21,73,83,63,,
0,63,73,53,,
0.1,64,77,51,31,73.8
0.1,68,75,61,,
0,70,82,58,,
0,70,84,56,,
0.81,70,75,65,,
0.56,73,78,68,,
0.01,73,84,62,26,73.8
0,70,81,58,,
0.24,69,79,59,29,69.3
0,67,76,58,,
0,69,81,56,,
0.6,70,83,56,,
0.06,69,76,61,26,85
0.35,65,73,57,13,94
0.11,68,78,57,20,85
0,64,73,55,,
0,67,79,54,,
0,66,82,50,,
0.03,67,79,56,,
0,71,79,63,,
0.3,76,89,63,21,143.2
0.04,71,82,60,,
0,69,80,57,,
0,65,80,51,,
0,66,78,54,,
0,66,80,51,,
0,65,77,53,,
0.21,60,70,49,,
0.01,58,68,48,,
0,60,68,52,,
0.21,60,69,52,,
0.01,62,73,51,,
0.05,62,73,50,,
0.06,67,73,60,,
0.13,64,75,53,32,87.2
0,54,60,47,28,87.2
0,55,65,46,,
0,56,68,43,31,71.6
1.35,53,59,48,,
0.05,51,59,43,31,85
0,53,66,40,,
0,57,72,41,,
0.24,64,72,56,16,85
0.01,63,74,51,,
0,61,69,52,24,80.5
0,58,68,48,,
0.07,55,67,44,,
0.01,59,76,42,17,102.9
0.05,63,73,53,,
0,57,61,53,,
0,53,58,49,,
0,50,59,40,,
0,52,68,35,,
0.14,59,71,47,14,76.1
0,50,62,38,30,85
0.01,46,57,35,,
0,59,71,47,20,71.6
0,47,63,31,,
0,42,55,29,,
0,41,52,30,,
0,41,56,26,,
0,43,61,26,,
0,44,60,27,,
0,55,69,41,32,71.6
0,51,67,36,30,69.3
0,48,67,29,,
0,61,80,42,,
0,67,78,56,22,73.8
0,67,80,54,,
0.23,70,83,57,16,82.8
0.83,58,68,49,14,100.7
0,53,65,42,24,69.3
0.29,46,51,41,,
0,47,55,38,,
0,48,56,40,,
0,50,62,38,,
0,56,64,48,21,73.8
0.2,54,58,49,30,76.1
0.01,42,50,34,31,94
0,42,51,33,29,78.3
0.59,57,72,42,31,78.3
0.02,36,46,27,31,76.1
0,40,55,25,,
0.99,40,53,27,15,80.5
0.05,47,57,38,,
0,51,68,35,15,78.3
0.95,47,53,42,,
1.3,37,42,31,,
0,42,55,30,16,71.6
0.2,48,54,42,,
0.19,48,55,40,,
0.2,48,59,37,,
,48,53,42,,
0.01,58,72,45,,
0.03,47,59,34,,
0,33,39,27,,
0.28,32,38,27,,
0.01,30,34,26,,
0.01,32,40,24,,
0,33,40,27,,
0,26,35,18,,
0,27,40,15,,
0,34,51,16,17,114.1
0.03,31,40,22,31,102.9
0.09,22,29,14,,
0,25,34,17,,
0,44,64,23,,
0,51,65,37,28,76.1
0,53,63,43,,
0,47,57,36,,
0,54,68,39,,
0,56,72,40,,
0,55,67,43,,
0,41,56,26,,
0,32,42,21,,
0,34,40,27,,
0.74,30,38,22,15,78.3
0.08,38,42,33,25,73.8
0.01,27,34,20,,
0,22,27,18,,
0,21,29,13,,
0,38,52,24,,
0,35,49,21,33,73.8
0.15,24,33,15,16,69.3
0.58,33,38,28,28,107.4
0.02,19,28,11,31,89.5
0.23,21,30,12,,
0.06,33,37,28,,
0,38,43,34,,
0.02,37,40,33,,
0,36,39,34,,
0.5,41,54,28,15,123
0.13,51,61,41,16,105.1
0.02,35,41,28,,
0,32,39,25,,
0.06,35,38,32,,
0.28,31,35,26,33,80.5
0.71,24,26,22,36,78.3
0.01,21,24,17,,
0.01,21,24,18,,
0.04,21,25,18,,
0.03,28,31,25,,
0,29,33,26,,
0.26,29,34,25,,
0.14,33,39,27,,
0.02,24,27,21,,
0.03,10,25,-4,33,89.5
0.01,-3,4,-10,,
0,6,14,-3,,
0,4,17,-8,,
0,9,23,-5,,
0.02,21,30,12,,
0,32,36,27,,
0.01,29,34,24,28,87.2
0.04,18,24,11,29,89.5
0.11,35,47,23,17,73.8
0.21,49,57,41,14,100.7
0.12,28,41,15,,
0,16,21,11,,
0.02,27,39,15,23,76.1
0.02,22,31,13,30,71.6
0.31,19,27,12,,
0.14,25,34,16,30,76.1
